{
  "layer": [
    0,
    1,
    2,
    3,
    4,
    5,
    6,
    7,
    8,
    9,
    10,
    11,
    12,
    13,
    14,
    15,
    16,
    17,
    18,
    19,
    20,
    21,
    22,
    23,
    24,
    25,
    26,
    27,
    28,
    29,
    30,
    31
  ],
  "corr_entropy": [
    0.9304913558833937,
    0.5132521433619449,
    0.16953268390385856,
    0.20910837726211157,
    0.3704128532663716,
    0.7950726005807318,
    0.8830204635697306,
    0.8635123150144364,
    0.8419456894550472,
    0.8819952445110784,
    0.8821684837975252,
    0.8903844224861297,
    0.917196941579475,
    0.8487531299050364,
    0.8581047943969036,
    0.883595518243842,
    0.9029791843290359,
    0.8972320204775577,
    0.8746655629929844,
    0.8872944096323672,
    0.8915385777376605,
    0.8908556924997555,
    0.9017757656430117,
    0.894019047286446,
    0.9112142788829677,
    0.9094230065715097,
    0.9185864950392588,
    0.9215627858607187,
    0.9338855332398772,
    0.9375168112375372,
    0.9312323099008776,
    0.9073028904169307
  ],
  "corr_logprob": [],
  "partial_r": [
    0.27850401886763837,
    0.17323162140897747,
    0.026917762000243876,
    0.14946273792824738,
    0.0301851994679777,
    0.16524486126488833,
    0.1419024007748984,
    0.18301153606880274,
    0.2359536426244816,
    0.24619703067817728,
    0.19067470409655382,
    0.3404254699051771,
    0.3512647987565697,
    0.22088546272469062,
    0.19022748529655367,
    0.26422407321690977,
    0.24471276161189925,
    0.19701474984255063,
    0.19369033410065395,
    0.20402791582991173,
    0.26728926651195967,
    0.21984682473581416,
    0.26660987533794805,
    0.2570626311556509,
    0.29320366932456127,
    0.25479595762770246,
    0.33702104114580206,
    0.3342943742390755,
    0.35190395864423957,
    0.3577885567940557,
    0.3280222148906243,
    0.18363578761840976
  ],
  "cohen_d": [
    2.879290824645447,
    1.1808681875520828,
    0.2504903455203381,
    0.5325491935525295,
    0.6786742003236579,
    2.0189437568683535,
    2.357571599276051,
    2.349478670736707,
    2.3684854426706394,
    2.5774180420070945,
    2.4539985363489327,
    2.8559029848084068,
    3.0020993437085464,
    2.364763146801008,
    2.3399349174608304,
    2.627843931708503,
    2.6742872463088085,
    2.540837984940777,
    2.4246501970385648,
    2.507547676266609,
    2.672812366822357,
    2.5596133185136662,
    2.7196376596867604,
    2.6601810253383102,
    2.8277221438399,
    2.7282356802288223,
    2.9703238356390784,
    2.975571832713703,
    3.067224189636519,
    3.094098315916166,
    2.9984304707082723,
    2.562675779609273
  ],
  "accuracy": [
    0.933920704845815,
    0.5748898678414097,
    0.5770925110132159,
    0.5991189427312775,
    0.6651982378854625,
    0.8854625550660793,
    0.9030837004405287,
    0.9162995594713657,
    0.920704845814978,
    0.9273127753303965,
    0.9229074889867841,
    0.9515418502202643,
    0.9251101321585903,
    0.9273127753303965,
    0.9185022026431718,
    0.920704845814978,
    0.920704845814978,
    0.9317180616740088,
    0.920704845814978,
    0.9251101321585903,
    0.9449339207048458,
    0.9361233480176211,
    0.933920704845815,
    0.933920704845815,
    0.9383259911894273,
    0.9361233480176211,
    0.9405286343612335,
    0.933920704845815,
    0.933920704845815,
    0.933920704845815,
    0.9405286343612335,
    0.9295154185022027
  ]
}